7912.99,

7912.99,
7877.45,

7912.99,
7877.45,
7933.68,

7912.99,
7877.45,
7933.68,
7788.38,

7912.99,
7877.45,
7933.68,
7788.38,
7561.64,

7912.99,
7877.45,
7933.68,
7788.38,
7561.64,
7675.3,

7912.99,
7877.45,
7933.68,
7788.38,
7561.64,
7675.3,
7684.37,

7912.99,
7877.45,
7933.68,
7788.38,
7561.64,
7675.3,
7684.37,
7749.13,

7912.99,
7877.45,
7933.68,
7788.38,
7561.64,
7675.3,
7684.37,
7749.13,
7761.36,

7912.99,
7877.45,
7933.68,
7788.38,
7561.64,
7675.3,
7684.37,
7749.13,
7761.36,
7703.92,

